Ticker,Name,Price,Dividend Yield,Market Cap ($M),Forward P/E Ratio,Payout Ratio,Beta
AACAF,"AAC Technologies Holdings, Inc.",7.29,0.025024158,8809.965,21.79,0.545369548,0.425455484
AACAY,"AAC Technologies Holdings, Inc.",7.18,0.021576184,8677.03,21.46,0.463130045,1.723018441
AAPL,"Apple, Inc.",313.06,0.009491102,1401466.244,24.54,0.238339775,1.481518172
ABT.TO,Absolute Software Corporation,10.41,0.0307,438.72,41.9,96.76,N/A
ACKAY,Arçelik AS,16.03,N/A,2166.383968,13.29,N/A,0.333639944
ACN,Accenture Plc,211.89,0.013651239,140520.7494,27.78,0.382765084,0.944872225
ADI,"Analog Devices, Inc.",122.81,0.017342433,45953.2207,37.49,0.659582265,1.628418211
ADTN,"ADTRAN, Inc.",9.37,0.039258451,438.56442,-8.29,-0.318894499,1.132283391
ADTTF,Advantest Corp.,52,0.014678379,10315.3583,23.48,0.344593991,1.336745063
AELTF,Adacel Technologies Ltd.,0.42,N/A,32.024706,-15.11,N/A,0.343612962
AEXAY,ATOS SE,16.21,0.016758236,8845.809806,11.82,0.198054097,1.201458224
ALMFF,Altium Ltd.,23.58,0.011195464,3086.967306,58.61,0.656199435,0.016036683
ALOT,"AstroNova, Inc.",12.46,0.022134387,89.4355,16.02,0.36077825,0.388586581
ALSWF,Absolute Software Corp.,7.88,0.030603531,333.66284,30.57,0.935437655,-0.02126795
ALTKY,Altran Technologies SA,1.52,0.017828947,3869.29984,24.28,0.432907348,0.393602124
AMADF,Amadeus IT Group SA,78.42,0.015621015,33800.49877,27.78,0.433997024,0.365816423
AMADY,Amadeus IT Group SA,77.63,0.017640088,33455.70706,27.5,0.48515553,0.913955508
AMAT,"Applied Materials, Inc.",64.27,0.012650602,60995.5048,21.02,0.274770207,1.769933261
AMOT,"Allied Motion Technologies, Inc.",46.75,0.002567394,448.704,27.13,0.06956925,1.251238148
AMSWA,"American Software, Inc.",19.18,0.027672956,508.057263,84.62,1.939180256,0.933945397
APELY,"Alps Alpine Co., Ltd.",32.42,N/A,3314.034144,704.78,N/A,0.72965938
APH,Amphenol Corp.,101.75,0.009256581,30916.05471,26.17,0.24695169,1.243390619
ARLUF,Aristocrat Leisure Ltd.,24.58,0.015978149,15665.94615,31.86,0.509130033,0.027094796
ASMIY,ASM International NV,123.93,0.015265472,6146.853642,20.29,0.309722995,0.500312528
ASML,ASML Holding NV,306.03,0.009526621,131598.1548,50.89,0.496683576,1.53922043
ASMLF,ASML Holding NV,314.74,0.008497425,132131.3148,45.79,0.389128399,0.851245684
ASMVF,ASM Pacific Technology Ltd.,14.5,0.023750885,5923.395,46.49,1.104161034,0.0402202
ASMVY,ASM Pacific Technology Ltd.,37.48,0.024893116,5103.6516,40.06,0.997214622,1.067099748
ASOZF,Asseco Poland SA,12.68,0.242113565,1052.443804,11.93,2.887237844,0
ASOZY,Asseco Poland SA,15.6,0.051782051,1294.80468,14.67,0.759710336,0.282800807
ASX,"ASE Technology Holding Co., Ltd.",4.82,0.032484725,10450.78525,18.78,0.621347877,0.85994737
ATDRY,Auto Trader Group Plc,1.82,0.009304396,6696.169829,26.45,0.246133721,0.621391969
ATEYY,Advantest Corp.,51.87,N/A,10284.3856,23.42,N/A,0.783222467
ATVI,"Activision Blizzard, Inc.",63.365,0.00578125,49168.64,32.26,0.188333503,1.34032731
AUKUF,ams AG,46.95,N/A,3795.252407,44.92,N/A,0.571792438
AVEVF,AVEVA Group Plc,68.57,0.008317186,11050.65412,149.42,1.242775016,0.244017983
AVGO,"Broadcom, Inc.",304.41,0.034277584,123013.1981,44.96,1.565268754,1.49328812
AVT,"Avnet, Inc.",35.585,0.022702104,3606.047424,36.68,0.845273683,1.379685165
AVX,AVX Corp.,21.69,0.022373541,3478.36136,17.84,0.378258367,1.186039744
AYI,"Acuity Brands, Inc.",115.7,0.004488563,4589.977,14.88,0.066881029,1.417729383
BBOX,Black Box Corporation,,N/A,N/A,N/A,N/A,N/A
BCNAF,Barco NV,245.5,0.009368635,3089.991151,28.89,0.270696514,-0.015293495
BDC,"Belden, Inc.",48.03,0.004078303,2229.3584,-5.53,-0.023041475,1.755578893
BELFA,"Bel Fuse, Inc.",12,0.020740741,165.699,-19.12,-0.448,1.269416985
BELFB,"Bel Fuse, Inc.",13.16,0.018360656,187.1785,-17.96,-0.383982447,2.182892626
BKTI,BK Technologies Corp.,2.71,0.029411765,34.43248,-13.17,-0.388726919,0.173280529
BLKB,"Blackbaud, Inc.",75.59,0.006245934,3776.409,303.05,1.924619086,1.412073029
BMI,"Badger Meter, Inc.",69.63,0.009060023,2056.40104,42.84,0.393773457,0.914347944
BRKS,"Brooks Automation, Inc.",38.19,0.010078105,2921.9778,99.69,1.044113808,2.030281927
BVILF,Breville Group Ltd.,12.4,N/A,1616.7368,31.77,N/A,-0.711344668
BVILY,Breville Group Ltd.,18.05,0.028365651,1176.69755,23.12,0.655821698,N/A
BYDIF,"BYD Electronic (International) Co., Ltd.",2.15,0.103209302,4844.38,20.32,2.097353497,0.359795915
CA,"CA, Inc.",,N/A,N/A,N/A,N/A,N/A
CBLNY,Mersen SA,6.42,0.033193146,661.579427,9.45,0.313659111,-0.127389412
CCMP,Cabot Microelectronics Corp.,158.42,0.010262049,4784.75217,71.6,0.759390679,1.796518227
CCOEF,"Capcom Co., Ltd.",27.01,0.013620917,2883.328952,19.13,0.260516198,-0.552668415
CCUR,"CCUR Holdings, Inc.",4.9,0.102040816,43.7276,5.14,0.5249895,0.210107811
CDK,"CDK Global, Inc.",50,0.011652748,6255.62308,128.56,1.542416452,1.392607222
CDW,CDW Corp.,133.985,0.009150752,19862.46144,26.37,0.249079489,1.260705878
CGEMY,Capgemini SE,24.56,0.015651466,20733.76788,21.31,0.333564734,1.000989821
CGNX,Cognex Corp.,50.48,0.003886256,9105.23025,42.38,0.172225489,1.858184962
CIOXF,Cielo SA,8.77,0.006126375,23790.59322,58.83,0.360435901,N/A
CIOXY,Cielo SA,1.65,0.022449697,4475.995303,11.06,0.248270777,0.883789769
CLRO,"ClearOne, Inc.",1.72,N/A,31.12802,-3.06,N/A,0.435093647
CMG.TO,Computer Modelling Group Ltd.,7.87,0.0508,614.03,28,142.86,N/A
CMI.V,Com Satellite Systems Inc.,2.04,0.0245,77.54,52.5,125,N/A
CMPVF,CompuGroup Medical SE,71,0.007042254,3493.621882,37.87,0.266695114,0.038918249
CMSQF,Computershare Ltd.,11,0.029075107,5949.68,21.24,0.617425056,0.149358782
CMTL,Comtech Telecommunications Corp.,33.06,0.011820331,825.56064,28.67,0.346860909,1.283438039
CNSWF,"Constellation Software, Inc.",1092.09,0.003662823,23143.57128,69.3,0.253826792,0.824941613
COHU,"Cohu, Inc.",21.715,0.010652463,929.72298,-12.82,-0.141617985,1.484988875
CPSI,"Computer Programs & Systems, Inc.",29.63,0.013395847,428.67016,20.32,0.274254371,0.630446117
CRWRY,Craneware Plc,,N/A,N/A,N/A,N/A,N/A
CSCO,"Cisco Systems, Inc.",46.275,0.029882604,198685.228,17.89,0.540874672,1.321846673
CSGS,"CSG Systems International, Inc.",51.75,0.016862448,1735.98698,20.02,0.34458727,0.938714377
CSIOF,"Casio Computer Co., Ltd.",20.73,0.021060556,5028.45763,22.59,0.47584232,-31.79058198
CSPI,"CSP, Inc.",14.25,0.042105263,59.37975,-56.03,-2.429149798,0.558945283
CSSXF,China Singyes Solar Technologies Holdings Ltd.,0.0793,N/A,199.921644,-0.33,N/A,-1.2997065
CSU.TO,Constellation Software Inc.,1457.08,0.36,30370,91.2,20.16,N/A
CSVI,"Computer Services, Inc.",54,0.013888889,1499.148,31.09,0.431778929,-0.013665133
CSXXY,carsales.com Ltd.,24.8,0.025294355,3041.1496,30.96,0.783048309,0.786096557
CSYJF,CSE Global Ltd.,0.3957,0.069497094,200.996013,13.1,0.910596026,0.076916091
CSYJY,CSE Global Ltd.,3.37,0.052174481,171.179319,11.15,0.581634138,-0.104660586
CTS,CTS Corp.,29.29,0.00538358,968.93144,26.51,0.144835702,1.366724657
CY,Cypress Semiconductor Corp.,23.42,0.018787361,8679.2178,213.31,4.010938924,0.449404288
DAKT,"Daktronics, Inc.",5.945,0.04,270.888,1608.11,64.86486486,1.058303216
DASTF,Dassault Systèmes SA,169.85,0.003826906,43957.79622,64.01,0.244968719,0.071310202
DASTY,Dassault Systèmes SA,168.15,0.004354445,43517.83005,63.37,0.275947841,0.8009307
DBD,"Diebold Nixdorf, Inc.",8.42,N/A,655.817344,-1.89,N/A,2.669743231
DCHIY,Digital China Holdings Ltd.,2.65,0.01490566,885.6194,563.83,8.404255319,-0.026067008
DNACF,"DeNA Co., Ltd.",14,0.025939122,1883.304248,-4.58,-0.118881629,0.180187988
DOX,Amdocs Ltd.,73.195,0.015445062,9947.59513,20.21,0.314995441,0.726850983
DXC,DXC Technology Co.,29.25,0.026973684,7713.1184,-4.69,-0.131439746,2.021041334
EBIX,"Ebix, Inc.",33.71,0.008500992,1076.20384,12.33,0.109765468,2.046875311
EGHSF,Enghouse Systems Ltd.,40,0.007527306,2199.08,41,0.308590982,0.276059592
ELUXF,Electrolux AB,23.8,0.357142857,6840.064832,25.95,9.267335369,-0.038252544
ELUXY,Electrolux AB,44.57,0.04002468,6222.086589,24.3,0.972470563,0.999019747
ENGH.TO,Enghouse Systems Limited,54.08,0.81,2940,41.6,37.98,N/A
ENR,"Energizer Holdings, Inc.",51.38,0.023359938,3566.77321,420.11,9.811937858,1.239266446
ENS,EnerSys,74.91,0.009349539,3167.67483,20.25,0.189199416,1.26591138
ERIC,Telefonaktiebolaget LM Ericsson,8.915,0.012082867,27257.932,120.73,1.462059621,1.038127559
ERIXF,Telefonaktiebolaget LM Ericsson,9,0.008664611,29827.404,121.95,1.056659845,0.591044089
ESE,"ESCO Technologies, Inc.",96.76,0.003228084,2576.28957,34,0.112446412,1.096117058
ESP,Espey Manufacturing & Electronics Corp.,22.55,0.044742729,53.66235,22.65,1.004217714,0.310954377
ET.TO,Evertz Technologies Limited,17.77,0.0409,1360,18.5,74.23,N/A
EUTLF,Eutelsat Communications SA,13.5,0.094074074,3138.174725,8.47,0.796388035,0.1694159
EVSBY,EVS Broadcast Equipment SA,6.37,0.043579278,91.263143,N/A,N/A,0
EVTC,"EVERTEC, Inc.",33.31,0.005797101,2481.447,24.4,0.146498682,0.978736774
EVTZF,Evertz Technologies Ltd.,13.21,0.041018429,1013.02206,18.24,0.748209671,-0.008567115
FDGRY,,,N/A,N/A,N/A,N/A,N/A
FDRVF,First Derivatives Plc,39.04,0.007120902,1059.943808,57.46,0.409184575,0.057739012
FELTF,"Fuji Electric Co., Ltd.",39.8,0.018487486,5685.177151,18.24,0.337152653,N/A
FICO,Fair Isaac Corp.,409.48,N/A,12245.65776,57.33,N/A,1.109359915
FJTSF,Fujitsu Ltd.,100.76,0.014605041,20422.3022,14.53,0.212141432,-0.126537671
FLIR,"FLIR Systems, Inc.",58.31,0.011514006,7806.36307,29.52,0.339017356,1.259884284
FORTY,Formula Systems (1985) Ltd.,71.1,0.008509142,1087.42473,26.82,0.230502534,0.465259969
FSOYF,F-Secure Oyj,3.18,N/A,501.763474,138.26,N/A,0.171449054
FTV,Fortive Corp.,75.81,0.003646308,25801.44,38.01,0.140371986,1.182174503
FUWAF,"Furukawa Electric Co., Ltd.",25.29,0.0616,1640,N/A,33.53,N/A
FUWAY,"Furukawa Electric Co., Ltd.",11.78,N/A,1660.679516,10.17,N/A,-0.334037094
GLW,"Corning, Inc.",27.96,0.028278544,21603.03612,25.25,0.7224781,1.379987205
GREZF,"GREE, Inc.",4.1,2.43902439,945.515071,21.61,52.71481286,-0.171718695
GRMN,Garmin Ltd.,96.59,0.022442641,18974.18043,19.25,0.446579876,0.866672473
GSB,"GlobalSCAPE, Inc.",9.64,0.00466805,181.473,N/A,N/A,0.767067545
GTOFF,Gemalto Holding BV,56.4,N/A,N/A,N/A,N/A,N/A
GTOMY,Gemalto Holding BV,28.11,N/A,N/A,N/A,N/A,N/A
GYUAF,GS Yuasa Corp.,20.55,0.022262754,1667.332963,14.41,0.32078221,0.014600166
HIMX,"Himax Technologies, Inc.",4.96,N/A,859.006045,-63.24,N/A,1.371132712
HNHPF,"Hon Hai Precision Industry Co., Ltd.",5.55,0.04581982,76931.41892,9.15,0.419291014,1.098477536
HOCPF,HOYA Corp.,96.1,0.008613706,36152.29203,32.04,0.276008534,-0.183893552
HPE,Hewlett-Packard Enterprise Co.,14.18,0.031098825,18712.1699,18.11,0.574565884,1.481230437
HPHTF,Hamamatsu Photonics KK,41.73,0.958543015,6460.347825,37.1,35.55871633,0.026614431
HPQ,"HP, Inc.",22.7,0.028303887,32900.2216,10.9,0.307647991,1.237921345
HPS.A.TO,,,N/A,N/A,N/A,N/A,N/A
HRELF,"Haier Electronics Group Co., Ltd.",2.95,0.128813559,8283.866881,14.33,1.846452867,0.199801047
HRS,Harris Corp.,189.13,0.013879342,22341.17038,24.92,0.345808797,-0.210210477
HTHIF,Hitachi Ltd.,38.87,0.021296043,37557.64175,21.16,0.450711746,0.289113335
HTHIY,Hitachi Ltd.,74.86,0.019109017,36166.26012,5.88,0.112286867,0.870108249
HURC,"Hurco Cos., Inc.",31.25,0.014949109,215.959788,12.06,0.182936323,0.891259909
HXGBF,Hexagon AB,56.2,0.012033344,20655.6918,26.11,0.314136911,0.047196864
HXGBY,Hexagon AB,58.31,0.011450866,20452.64067,26.3,0.301145589,1.301184227
IBIDF,"IBIDEN Co., Ltd.",24.13,0.013316171,3371.837402,30.17,0.401699206,0.41808719
IBM,International Business Machines Corp.,149.84,0.042520831,133926.0271,14.09,0.604823538,1.008410448
IFNNF,Infineon Technologies AG,23.53,0.022949426,29292.9676,30.46,0.698938649,0.780586951
IFNNY,Infineon Technologies AG,23.69,0.025647953,29492.1548,30.66,0.786435413,1.878237276
IIJI,Internet Initiative Japan Inc.,10.05,N/A,N/A,N/A,N/A,N/A
INFY,Infosys Ltd.,11.41,0.023125,48378.3776,22.4,0.515806008,0.588324087
INTC,Intel Corp.,64.335,0.019251337,279929.65,13.45,0.2634385,1.263290524
INTU,"Intuit, Inc.",297.72,0.006440048,78414.88068,48.95,0.319120937,1.202531315
ISDR,Issuer Direct Corp.,12.128,N/A,45.80388,68.75,N/A,0.054170062
ITRN,Ituran Location & Control Ltd.,25.73,0.035918991,548.735177,14.62,0.534394542,0.446744369
ITTOF,ITOCHU Techno-Solutions Corp.,23.2,0.021217491,5359.982258,20.56,0.436272092,0
JBL,"Jabil, Inc.",37.24,0.008416623,5782.4618,28.06,0.241090936,1.533015716
JCOM,"j2 Global, Inc.",95.2,0.009353565,4688.8006,20.85,0.197152245,1.096227073
JCS,"Communications Systems, Inc.",6.73,0.011940299,62.1827,15.81,0.186523665,0.257372541
JEHLY,Johnson Electric Holdings Ltd.,17.71,0.032701129,1582.26453,5.1,0.166778114,0.328745928
JELCF,Johnson Electric Holdings Ltd.,2.23,0.029183686,1992.3489,6.42,0.18738733,-0.12084815
JNPR,"Juniper Networks, Inc.",24.14,0.03125,8140.07424,23.81,0.749654764,1.063035863
KACPF,,,N/A,N/A,N/A,N/A,N/A
KDCXF,Kudelski SA,5.3,N/A,290.121703,-25.95,N/A,0
KLAC,KLA Corp.,161.14,0.018529588,26227.9556,22.4,0.430998526,1.668096262
KNAMF,Konami Holdings Corp.,41.08,0.023093376,5555.34921,26.01,0.600617856,-0.023430414
KNMCY,Konami Holdings Corp.,39.44,N/A,5333.567986,24.97,N/A,0.081265972
KSFTF,Kingsoft Corp. Ltd.,3.52,N/A,4806.784798,-26.83,N/A,0.207853088
KYCCF,KEYENCE Corp.,340.02,0.002704995,82464.17675,44.02,0.119086469,0.730965193
KYOCF,Kyocera Corp.,67,0.021964237,24283.04839,21.14,0.464418815,-0.017540938
KYOCY,Kyocera Corp.,66.84,N/A,24225.05902,21.09,N/A,0.748416739
LARRF,Laird PLC,,N/A,N/A,N/A,N/A,N/A
LDOS,"Leidos Holdings, Inc.",117.22,0.011067326,16865.01654,25.22,0.283968677,0.930422328
LFUS,"Littelfuse, Inc.",182.455,0.009673647,4582.71412,32.31,0.321987121,1.574109975
LNVGF,Lenovo Group Ltd.,0.748,0.047902479,8987.0704,12.06,0.577920225,0.596701482
LNVGY,Lenovo Group Ltd.,14.67,0.046265031,8812.8558,12.23,0.56592012,1.071458095
LOGI,Logitech International SA,42.435,0.017064049,7153.07268,25.46,0.437702362,1.281165157
LPL,"LG Display Co., Ltd.",6.24,N/A,4529.95056,-1.86,N/A,1.399704344
LRCX,Lam Research Corp.,316.72,0.013699047,47811.06252,22.51,0.319808967,1.774918153
LYTS,"LSI Industries, Inc.",7.28,0.027739251,188.44056,48.99,1.34589502,0.680644798
MANT,ManTech International Corp.,88.125,0.012537729,3454.316937,30.97,0.379453306,0.894215741
MAXR,"Maxar Technologies, Inc.",17.26,0.01756156,1055.0967,-1.3,-0.023350888,0.976525912
MAXR.TO,Maxar Technologies Inc.,23.42,0.23,1370,N/A,N/A,N/A
MCFUF,Micro Focus International Plc,10.25,0.113323328,3417.52425,-12.96,-1.468289859,-0.309126322
MCHP,"Microchip Technology, Inc.",105.06,0.01353001,25901.24394,38.81,0.540370835,1.918166507
MCRNF,Micro-Mechanics (Holdings) Ltd.,1.3,0.084615385,180.7416,20.28,1.716068643,0.208949428
MDF.TO,Mediagrif Interactive Technologies Inc.,5.33,N/A,76.38,N/A,N/A,N/A
MEI,"Methode Electronics, Inc.",34.07,0.012816778,1273.33403,12.12,0.156483391,1.772773529
MGIC,Magic Software Enterprises Ltd.,11.03,0.027702089,538.69728,27.38,0.757199603,0.615886562
MIELF,Mitsubishi Electric Corp.,13.9,0.026365108,29816.97187,14.29,0.376799297,0.102518532
MIXIF,"mixi, Inc.",17.44,0.060614745,1314.097024,14.69,0.89050724,-0.068743458
MIXT,MiX Telematics Ltd.,13.78,0.023574034,299.947728,17.08,0.400495663,0.828226281
MKSI,"MKS Instruments, Inc.",111.95,0.006902502,6317.709,43.79,0.312744332,2.06827326
MLAB,"Mesa Laboratories, Inc.",269.66,0.002373007,1178.589,221.47,0.525969757,0.78743653
MNBEF,"Minebea Mitsumi, Inc.",20,0.012876534,8292.40016,20.35,0.262037731,0.509600621
MNBEY,"Minebea Mitsumi, Inc.",39.37,N/A,8161.794857,17.82,N/A,0.378032111
MNDO,MIND C.T.I. Ltd.,2.58,0.1,51.5164,9.7,0.984848485,-0.00258613
MPWR,"Monolithic Power Systems, Inc.",176.55,0.008692818,8027.96096,70.09,0.634920635,1.800944472
MRAAF,Murata Manufacturing Co. Ltd.,57.2,0.015061906,36596.34704,21.52,0.324180087,0.512217105
MRVL,Marvell Technology Group Ltd.,24.445,0.009550338,16854.691,-35.94,-0.353096955,1.870460405
MSFT,Microsoft Corp.,178.58,0.010519466,1402707.741,30.8,0.334569285,1.285893294
MSI,"Motorola Solutions, Inc.",185.27,0.012661638,31659.4624,35.59,0.451445586,0.743254155
MTHRF,"M3, Inc.",30.16,0.002107124,20463.52978,102.2,0.215353608,0.184851362
MTSC,MTS Systems Corp.,45.67,0.026536931,867.59092,23.24,0.610097107,0.813718277
MXIM,"Maxim Integrated Products, Inc.",61.16,0.030113727,16818.26742,21.21,0.651827196,1.633578358
NATI,National Instruments Corp.,43.8,0.022461815,5834.74668,35.52,0.810372771,1.306945011
NEXOF,"NEXON Co., Ltd.",15.85,0.00145092,13986.38837,13.37,0.019393724,-0.269095528
NICE,NICE Ltd. (Israel),176.89,N/A,11268.58597,58.96,N/A,0.730268918
NOK,Nokia Oyj,4.16,0.026971154,23365.20092,-2447.06,-66,0.863367447
NOKBF,Nokia Oyj,4.21,0.047505938,23646.03266,-2476.47,-117.6470588,0.900621108
NPEGF,"Nippon Electric Glass Co., Ltd.",19.7,0.046436945,1903.387878,-6.13,-0.284543645,-0.229016877
NPSNY,Naspers Ltd.,35.5,0.00172507,77387.36874,5.53,0.009534782,1.253001756
NTAP,"NetApp, Inc.",51.965,0.034258053,11879.41667,12.07,0.427211516,1.68592464
NTDOF,"Nintendo Co., Ltd.",359.17,0.023180609,42785.68052,21,0.486759595,0.545326182
NTDOY,"Nintendo Co., Ltd.",44.83,N/A,42722.54493,20.97,N/A,0.654091574
NTES,"NetEase, Inc.",345.005,0.018123088,45196.64411,15.52,0.28524124,1.564497882
NTP,"Nam Tai Property, Inc.",7.96,N/A,319.29348,-22.48,N/A,0.435638213
NVDA,NVIDIA Corp.,294.01,0.00207321,188924.4,64.19,0.139689192,2.184423584
NVEC,NVE Corp.,70.67,0.055881531,346.87668,24.4,1.382599979,0.814613593
NXCLF,"Lifull Co., Ltd.",4.48,0.982142857,601.061418,35.25,34.6184107,0.53574535
OMRNY,OMRON Corp.,60.25,N/A,12372.93325,39.66,N/A,1.181402411
OPESY,,,N/A,N/A,N/A,N/A,N/A
ORCL,Oracle Corp.,54.68,0.016393443,178056.6515,16.9,0.281176616,1.104548003
OSAGF,OSRAM Licht AG,51.57,N/A,4857.054028,-13.94,N/A,-0.032918674
OTEX,Open Text Corp.,46.385,0.014343601,12804.80788,38.32,0.560308026,0.861705932
OTEX.TO,Open Text Corporation,62.76,0.0146,16550,50.6,55.83,N/A
OXINF,Oxford Instruments Plc,20.7,0.009119048,1185.470163,27.23,0.248276063,0.040624028
PCRFF,Panasonic Corp.,10.73,0.025715352,25031.62038,9.47,0.243578505,0.433347126
PCRFY,Panasonic Corp.,10.71,N/A,24984.96312,9.45,N/A,0.965857469
PCTI,"PCTEL, Inc.",8.77,0.025028441,163.33578,-21.02,-0.527198658,0.730021931
PEGA,"Pegasystems, Inc.",99.16,0.001178203,8113.06545,-86.46,-0.104730319,1.271000151
PKE,Park Aerospace Corp.,16.03,0.024213075,338.97388,37.49,0.935453695,0.723903627
PLPC,Preformed Line Products Co.,55.61,0.014278065,280.59824,12.2,0.175442444,1.299547372
PLT,"Plantronics, Inc.",14.68,0.041695622,574.56392,-3.4,-0.138789295,1.561695942
PMCUF,Pro Medicus Ltd.,14.8,N/A,1538.4156,100,N/A,0.340907381
POWI,"Power Integrations, Inc.",98.825,0.00691768,2988.95022,15.02,0.106366814,1.719466479
PRYMF,Prysmian SpA,25,0.0172,6580.53695,26.95,0.463461953,-103026.9525
PRYMY,Prysmian SpA,13.04,0.037131902,6864.816146,28.11,1.043759431,1.149014943
PTFRY,PT Tower Bersama Infrastructure Tbk,4.25,0.114917647,9193.198163,38.64,4.44,2.398707645
PTG.TO,"Pivot Technology Solutions, Inc.",1.87,0.0884,75.76,N/A,N/A,N/A
PXGYF,PAX Global Technology Ltd.,0.5384,0.018952339,588.045864,7.88,0.149398819,0.371318274
QADA,"QAD, Inc.",53.15,0.004431315,1102.21016,-58.44,-0.262295082,0.839187005
QADB,"QAD, Inc.",37,0.006486486,752.987,-48.2,-0.32586558,0.257053429
QCOM,"QUALCOMM, Inc.",87.03,0.027718788,102267.7888,24.51,0.698335821,1.459088962
QTRH,"Quarterhill, Inc.",1.2,0.031396835,142.5804,-9.49,-0.297835589,1.010237921
QTRH.TO,Quarterhill Inc.,1.96,0.0248,231.69,N/A,N/A,N/A
RELL,Richardson Electronics Ltd.,4.8,0.05,52.9824,-7.74,-0.38935756,0.079203442
RFIL,RF Industries Ltd.,6.905,0.011730205,65.5743,18.47,0.212652844,0.490399019
RHDGF,Retail Holdings NV,2.3,0.434782609,11.8841,-0.54,-0.235061821,0.247013694
RNSHF,Renishaw Plc,52.65,0.014650047,3832.314525,62.49,0.915410596,0.079276315
RPGRF,REA Group Ltd.,45,0.018250766,5927.175,34.16,0.623413152,N/A
RSTAY,RIB Software SE,61.5,0.006528455,1502.142789,77.84,0.508163524,-0.130662767
RTMVF,Rightmove Plc,8.96,0.009822904,7830.8602,36.63,0.359825104,0.078931449
RTMVY,Rightmove Plc,18.05,0.008107812,7887.668895,36.9,0.29915372,0.641606034
SABR,Sabre Corp.,21.885,0.025168539,6093.9635,25.82,0.660844937,0.879976907
SAIC,Science Applications International Corp.,94.83,0.014791667,5681.328,35.67,0.534196073,1.15443777
SAP,SAP SE,136.63,0.012094922,165230.048,44.01,0.539348645,0.991489836
SAPGF,SAP SE,138,0.010869565,164716.8,44.45,0.483169593,0.850786777
SCND,"Scientific Industries, Inc.",10.5,N/A,15.7815,47.19,N/A,-0.053918727
SEKEF,Seiko Epson Corp.,14.98,0.03806719,5182.025288,17.5,0.666020218,-0.096494815
SEPJF,Spectris Plc,34.75,0.017956835,4030.918233,13.73,0.24662082,0.019366221
SEPJY,Spectris Plc,18.5,0.018869459,4291.912939,69.37,1.308905137,0.036017118
SGAMF,"Sega Sammy Holdings, Inc.",14.43,0.025495563,3390.629524,14.73,0.375524114,0.06471911
SGPYY,The Sage Group Plc,40.87,0.018842892,11148.30442,32.62,0.614612131,0.680914945
SILC,Silicom Ltd.,33.85,N/A,257.644068,24.68,N/A,0.760851325
SIMO,Silicon Motion Technology Corp.,46.02,0.02749577,1726.725929,25.09,0.708485476,1.447795781
SKLTF,SEEK Ltd.,12.58,0.026165149,4412.844391,34.19,0.894693042,-0.043976802
SKSJF,"Shinko Shoji Co., Ltd.",7.83,0.033454814,289.856358,37.02,1.238539939,0
SLP,"Simulations Plus, Inc.",38.825,0.006155424,687.90057,74.75,0.462249615,1.198424678
SMTGF,SMA Solar Technology AG,39.65,N/A,1375.855,-6.2,N/A,-0.277283389
SMTOF,Sumitomo Electric Industries Ltd.,13.1,0.033700853,10216.68667,12.68,0.427460466,0.260124023
SNE,Sony Corp.,65.94,0.005492958,81851.084,13.52,0.075187662,1.135385357
SNEJF,Sony Corp.,67.39,0.005459281,82648.25518,13.82,0.075454484,0.377079752
SNPTF,"Sunny Optical Technology (Group) Co., Ltd.",16.62,0.039831528,18229.647,45.29,1.803814714,1.140766087
SPHHF,Sophos Group Plc,7.35,0.004095238,3626.1666,415.25,1.700564972,-0.193940943
SQNXF,"Square Enix Holdings Co., Ltd.",44.6,0.00962052,5320.270802,20.17,0.194072637,0.07091906
SRMC,Sierra Monitor Corp.,3.24,0.00308642,N/A,N/A,N/A,N/A
SSNC,"SS&C Technologies Holdings, Inc.",64.01,0.005856064,16398.41679,45.28,0.268855243,1.492192833
STM,STMicroelectronics NV,30.5,0.00651341,27983.84149,25.93,0.173439891,2.105818731
STMEF,STMicroelectronics NV,31.25,0.007759258,27921.29778,27.04,0.209791328,0.592960012
STWRY,Software AG,9.35,0.02113369,2766.847849,15.98,0.337662338,0.059113994
STX,Seagate Technology Plc,54.005,0.046392694,14287.341,8.67,0.407436519,1.393973986
SUMCF,SUMCO Corp.,17.08,0.018701489,5009.194474,16.55,0.309546893,0.074928685
SVT,"Servotronics, Inc.",10.443,0.015686275,25.3878,8.32,0.127479882,0.54887001
SWDHY,Skyworth Group Ltd.,8.69,0.026513234,26599.4817,N/A,N/A,0.046063374
SWKS,"Skyworks Solutions, Inc.",114.66,0.013957447,19993.2125,23.85,0.341176226,1.785926831
SYMC,Symantec Corp.,23.75,0.012631579,14678.26,128.59,1.62425555,1.244058887
SYZ.V,Sylogist Ltd.,9.65,0.0415,228,233.6,780,N/A
TACT,"TransAct Technologies, Inc.",11.145,0.032142857,83.664,36.79,1.177240026,0.190521616
TAIT,"Taitron Components, Inc.",2.6,0.043636364,15.819683,9.5,0.438596491,1.163037742
TCEHY,Tencent Holdings Ltd.,52.26,0.002441638,495249.3092,39.47,0.096360066,1.253786691
TCS.TO,Tecsys Inc.,20.69,0.0116,258.51,N/A,N/A,N/A
TCTZF,Tencent Holdings Ltd.,52.25,0.019138756,495154.5428,39.46,0.755172935,1.278069746
TCYSF,"TECSYS, Inc.",17,0.009739196,222.394,-1440.68,-14.03104492,0.216851685
TEL,TE Connectivity Ltd.,91.73,0.019586741,31048.47464,19.52,0.387209327,1.261678726
TER,"Teradyne, Inc.",66.05,0.005302696,11376.87042,23.44,0.12783183,1.674803734
TESS,"TESSCO Technologies, Inc.",6.62,0.120481928,56.75872,-8.07,-0.974777629,0.876755598
TMICF,"Trend Micro, Inc.",54.24,0.027135196,7547.351993,29.4,0.797773869,0.428645037
TOELF,Tokyo Electron Ltd.,226,0.023999879,35143.08136,20.56,0.493406888,0.446822491
TRUHF,Truly International Holdings Ltd.,0.1406,N/A,462.465738,17.15,N/A,-0.05181522
TRUHY,Truly International Holdings Ltd.,2.66,N/A,437.46759,16.17,N/A,0.140127964
TSM,"Taiwan Semiconductor Manufacturing Co., Ltd.",55.59,0.035938385,292909.7984,N/A,N/A,1.301270834
TSYHF,TravelSky Technology Ltd.,2.16,0.141805556,6320.612712,17.94,2.544019934,-0.012542071
TSYHY,TravelSky Technology Ltd.,22.83,0.017109067,2129.039046,18.97,0.324526421,0.958523719
TTCNF,Telit Communications Plc,1.91,N/A,253.43981,11.78,N/A,0.52507588
TTDKF,TDK Corp.,109.75,0.014257562,13862.65091,16.19,0.23079166,0.211645222
TXN,Texas Instruments Incorporated,128.505,0.024416217,122534.247,24.11,0.602104552,1.457155435
TYPE,"Monotype Imaging Holdings, Inc.",19.84,0.011693548,N/A,N/A,N/A,N/A
UMC,United Microelectronics Corp.,2.62,0.035263158,6237.3276,19.52,0.698956781,0.854911243
VCM.TO,Vecima Networks Inc.,10.87,0.0202,256.47,N/A,N/A,N/A
VNWTF,"Vecima Networks, Inc.",8.18,0.020268292,183.5183,-110.09,-2.231421687,0.00025843
VSH,"Vishay Intertechnology, Inc.",20.12,0.01795245,2979.142709,17.75,0.326336214,1.674744598
VTKLF,VTech Holdings Ltd.,9.6,0.069637519,2415.088128,12.12,0.843878044,0.062444083
VTKLY,VTech Holdings Ltd.,9.28,0.072241379,2333.044896,11.71,0.846250947,0.872840792
WCAGY,Wirecard AG,73.58,0.001535743,18183.97256,33.36,0.051226257,1.2120347
WCRS,"Western Capital Resources, Inc.",3.87,0.051679587,36.18063,27.51,1.421464108,-0.027719309
WDC,Western Digital Corp.,66.99,0.028960324,20644.24392,-16.5,-0.49276862,2.117230075
WIRE,Encore Wire Corp. (Delaware),53.05,0.001535509,1092.1202,19.06,0.028765596,1.189796648
WIT,Wipro Ltd.,3.81,0.003664921,22956.56261,16.23,0.059625213,0.590264065
WNXDF,Diebold Nixdorf AG,68.1,N/A,2030.484786,45.58,N/A,0.001241684
WNXDY,Diebold Nixdorf AG,13.03,N/A,N/A,N/A,N/A,N/A
WRCDF,Wirecard AG,144.29,0.001386097,17829.33814,32.71,0.045332971,0.673175529
WSO,"Watsco, Inc.",168.47,0.037530053,6497.36353,N/A,N/A,0.819686528
WSO.B,"Watsco, Inc.",174.26,0.03672673,6639.48026,N/A,N/A,0.115150244
WSTG,"Wayside Technology Group, Inc.",17.665,0.037756802,81.15306,11.58,0.449586777,0.277309934
XLNX,"Xilinx, Inc.",87.77,0.016371534,22343.07423,25.33,0.424487439,1.709956833
XPER,Xperi Corp.,19.42,0.04040404,982.4364,-15.27,-0.629079185,1.372972913
XPPLF,XP Power Ltd.,47.67,0.023621993,910.509394,27.23,0.643242559,0.033889277
XRX,Xerox Holdings Corp.,36.34,0.013594345,7819.0602,5.93,0.081599347,1.406999139
YAHOF,Z Holdings Corp.,3.86,0.020838658,18382.89295,24.59,0.51233897,-0.123284445
YASKF,YASKAWA Electric Corp.,34.4,0.013871396,8990.475604,68.87,0.955307385,0.041195428
Data Provided by IEX Cloud,Certain securities may be excluded due to data limitations,,N/A,N/A,N/A,N/A,N/A
Data updated on 2020-02-21,,,N/A,N/A,N/A,N/A,N/A
